family,status,count,share,target,examples
no_match,MANUAL_REVIEW,3650,0.1189,,"А-00131 Стоп сигналы | А-00140 Шумоизоляция черная 3 кв. м | А-00143 Трос 15 т ленточный с петлями ""Новые технологии"" | А-00170 Изолента | А-00176 Адаптер ""Samsung"" USB (оригинал)"
instrumenty,AUTO_READY,1328,0.0433,aksessuary/instrumenty,"И-00107 Зажим сварочный 175мм (полукр.захв.) | И-00140 Набор рожковых ключей | И-00144 Насадка для полировки меховая д.150 | И-00155 Захват гибкий магнитный с подсветкой | И-00183 Гайковерт легковой (17,19,21) черный"
detali-dvigatelya,AUTO_READY,1232,0.0401,dvigatel-i-transmissiya/detali-dvigatelya,ДВ-00356 Головка блока ВАЗ 2112 16 кл. дв. | ДВ-00440 Головка Блока 2108 (инжектор) | ДВ-00469 Головка блока Шеви-Нива Евро | ДВ-00524 Шестерня кол. вала ВАЗ дв. 1.6 | ДВ-00587 Головка блока Приора дв. 1.6 21126 в сбор
prochaya-elektrika,AUTO_READY,1040,0.0339,elektrika/prochaya-elektrika,А-01618 Зарядное устройство - 100 м | А-01811 EPLUTUS Зарядное устройство 226 | А-02177 Зарядное устройство с USB CU502 | Р-00069 Крышка трамблера Зил-130 | ЭО-00031 Печка в сборе 2105
Кузовные детали,GROUP_REVIEW,877,0.0286,kuzov-i-optika/kuzovnye-detali,А-00402 Пороги декоративные 2141 (2 шт) | А-00409 Обивка двери ВАЗ 2108-09 | А-00457 Утеплитель капота 2108 | А-00497 Комплект дверных накладок 2106 | А-00614 Пороги наружные 2110 штатные
shiny-i-diski,AUTO_READY,871,0.0284,aksessuary/shiny-i-diski,"Д-00011 Диск VENTI 1404 V 5,5/К14 4*98 ЕТ35 d 58,6 | Д-00016 Д-00016 | Д-00018 Д-00018 | Д-00020 Д-00020 | Д-00021 Диски литые ""ТехноЛайн"" д. 15 Шеви-Нива"
kuzovnye-detali,AUTO_READY,792,0.0258,kuzov-i-optika/kuzovnye-detali,"Ж-00077 Кожух облицовки фар ГАЗ 3302 (лев., прав.) | Ж-00086 Морда ГАЗ-3102 | Ж-00093 Лонжерон задний Волга | Ж-00105 Балка передняя Москвич 2141 дв. Москвич | Ж-00115 Лючок б/бака УАЗ-3163 правый"
Моторные масла,AUTO_READY,682,0.0222,filtry-i-masla/masla,"ГСМ-00004 LUXE 80W85 GL4 Масло трансмиссионное 4 л | ГСМ-00014 Масло для автоматических трансмиссий ZIC DCTF MULTI, 1 л | ГСМ-00031 Масло Кастрол 10w40 п/с 4л | ГСМ-00050 А/масло АВАНГАРД 10w40, 60 л | ГСМ-00102 Масло для коммерческого транспорта Лукойл АВАНГАРД 10w40,216,5 л"
zhidkosti,AUTO_READY,622,0.0203,filtry-i-masla/zhidkosti,"ГСМ-00033 MOTUL-Moto-7100 4T 10w40, 4 л 4-х такт. | ГСМ-00104 Лукойл Люкс 5w40 полусинтетика 1л | ГСМ-00157 Летний омыватель стекол концентр., 1 л H | ГСМ-00195 Антигель дизель ЛМ-1878, 1 л | ГСМ-00233 Литол 200 г ""VMP AUTO"""
detali-transmissii,GROUP_REVIEW,556,0.0181,dvigatel-i-transmissiya/detali-transmissii,ГСМ-01406 721-LUXE Шрус Супер 4МЛ (400 г/картридж) | ЗКГ-00111 Опора раздатки Соболь 2217 4х4 | ЗКГ-00146 Тяга раздатки УАЗ-452 (2 шт) | ЗКГ-00170 Вилка раздатки включения переднего моста | ЗКГ-00293 Шток раздатки УАЗ н. обр. перед. моста
sceplenie,GROUP_REVIEW,511,0.0167,dvigatel-i-transmissiya/sceplenie,"ДВГ-00773 ПГУ КАМАЗ | ЗЧМ-00019 Трос сцепления 2141 | ЗЧМ-00286 Набор втулок сцепления 2141 (3 шт) | ЗЧМ-00380 Набор сцепления 2141 | ЗЧМ-00483 Сцепление ""LUK"""
Выхлопная система,GROUP_REVIEW,499,0.0163,dvigatel-i-transmissiya/vyhlopnaya-sistema,"А-01576 Глушитель универсальный ""тюнинг"" | А-02455 Глушитель прямоточный А 014 | Г-00007 Глушитель 2121 Ижора | Г-00013 Резонатор 2121 | Г-00040 Глушитель УАЗ-469, 3151 ЛЮКС (нержавейка)"
Подшипники,GROUP_REVIEW,449,0.0146,podveska/podshipniki,ЗКГ-00230 Набор игольчатых подшипников КПП Таврия | ЗКГ-00400 Крышка подшипника вторичного вала МАЗ | ИН-00017 Подшипник задней ступицы Рено 1 шт | ИН-00104 подшипник 40210-4М400 | ИН-00286 Подшипник ступ. OPEL ASTRA/CORSA/KADET/VE
prochie-aksessuary,GROUP_REVIEW,445,0.0145,aksessuary/prochie-aksessuary,"А-00002 Антенна GS 2045 | А-00008 Книга ""Валдай"" | А-00022 Блокнот | А-00066 Наклейка лев, тигр, ангел | А-00087 Прикуриватель (тройник)"
Охлаждение,GROUP_REVIEW,441,0.0144,dvigatel-i-transmissiya/ohlazhdenie,"А-00004 Вентилятор ALCO | А-00421 Решётка радиатора 2109, 2110 ""Турбо"" | А-00649 Решётка радиатора 2108-09 (с сеткой) | А-00808 Утеплитель радиатора ЗИЛ (новая кабина) | А-00826 Решётка радиатора 2115 (чёрная)"
Прокладки,AUTO_READY,433,0.0141,dvigatel-i-transmissiya/prokladki,"ИН-00357 136.271Е прокладка клапанной крышки Daw | ИН-00424 61-25745-40 Прокладка ГБЦ Audi 80/100, | ИН-00680 773.700 Прокладка клапанной крышки RENA | ИН-00681 Р1МА011РМС Прокладка коллектора выпускног | ИН-00825 Р1G-С016 Прокладка клапанной крышки DAEWO"
Детали двигателя,GROUP_REVIEW,415,0.0135,dvigatel-i-transmissiya/detali-dvigatelya,ДВ-00070 Постель распредвала 2101-07 | ДВ-00174 Распредвал 2101 | ДВ-00197 Постель распредвала 2108 | ДВ-00218 Поршневая в сборе Приора 82.0 (Кострома) | ДВ-00232 Клапана ВАЗ 2110
Датчики,GROUP_REVIEW,389,0.0127,elektrika/datchiki,"А-00957 Парктроник (4 датчика+коннекторы, голосовое,цветной светодиод. дисплей с цифр. табло) | А-01605 Парктроник PS-126U 6 датчиков+коннекторы | ДВГ-00146 Датчик массового расхода воздуха нов. обр. | ДВГ-00822 Датчик распред. вала 406 дв. ""Бош"" | ДВГ-01235 Датчик ДМРВ Г/У (дв.405,409) пленочн. Ев"
Проводка,GROUP_REVIEW,383,0.0125,elektrika/provodka,"А-01070 Провода прикуривателя 700А 6 м (Россия) | А-01730 Провод к видеорегистратору, навигатору 2 м | А-01856 Провод зарядный IPHONES магн. | А-01944 Провода ""PROGRESS"" 400 А | А-02113 Провод микро-USB в коробке"
Ремни,AUTO_READY,375,0.0122,dvigatel-i-transmissiya/remni,ИН-00048 Ремень Гура Чери-Амулет 10X715 | ИН-00383 Ремень п/к 4РК813 | ИН-00385 Ремень клиновой AVX13х650La | ИН-00699 Ремень поликлиновый 6РК 1995 | ИН-00731 13х800 Ремень клин. генератора
Инструменты,GROUP_REVIEW,367,0.012,aksessuary/instrumenty,А-00187 Домкрат 2108 бол. | А-00521 Домкрат 4 т 2х-штоковый | А-00660 Домкрат 2 т | А-00937 Домкрат профессиональный 3 т. | А-01029 Домкрат реечный 1м 40 см
Аккумуляторы,AUTO_READY,364,0.0119,elektrika/akkumulyatory,А-01005 Аккумулятор 18650 | А-01760 Фонарь на лоб аккумуляторный | А-01768 Внешний аккумулятор 8800 мА/ч | А-02283 Аккумулятор 18650 | АК-00002 Аккумулятор STALWART Drive TRUCK 6СТ-190 евро конус/болт
prochaya-tormoznaya-sistema,GROUP_REVIEW,359,0.0117,tormoznaya-sistema/prochaya-tormoznaya-sistema,"ГСМ-00827 VMPAUTO Набор смазок для тормозной системы BREMZ стик-пакет, 100мл | ГСМ-01198 LM Медный спрей для тормозных колодок 0, | ЗЧМ-00397 Комплект тормозных трубок Москвич 2141 | ЗЧМ-00482 Комплект тормозных трубок (Москвич 412-2 | ЗЧМ-00543 Барабан тормозной задний ИЖ-2126"
prochaya-tormoznaya-sistema,AUTO_READY,342,0.0111,tormoznaya-sistema/prochaya-tormoznaya-sistema,ТС-00026 Пыльник переднего колеса 2101-07 | ТС-00051 Накладки для иномарок | ТС-00112 Регулятор тормозов 2101-07 в сборе | ТС-00175 К-т медных трубок 2110 | ТС-00183 Штанга регулировки тормозов с кронштейном
Насосы двигателя,GROUP_REVIEW,322,0.0105,dvigatel-i-transmissiya/nasosy,"А-00128 Насос | А-01263 ""ALCO"" насос одноцилиндр. | А-02054 Наконечник для насоса быстрозажимной профе | А-02055 Наконечник для насоса (евро) хром длинный | А-02389 Насос EL-02"
Тормозные колодки,GROUP_REVIEW,312,0.0102,tormoznaya-sistema/tormoznye-kolodki,"ИН-00126 Установочный комплект задних колодок Рено | ИН-00204 Колодки задние Рено Меган № 481 (дисковые | ИН-00249 Колодки для иномарок передние №041 | ИН-00252 Колодки задние Шевроле-Лачетти № 125 | ИН-00254 Колодки передние Шевроле-Лачетти, Део-Нек"
kpp,GROUP_REVIEW,298,0.0097,dvigatel-i-transmissiya/kpp,"Ж-00079 Поперечина КПП ГАЗ 3302 | ЗКГ-00015 Раздатка УАЗ-Хантер, 3160 КПП 5-ступ. | ЗКГ-00185 Крышка КПП УАЗ 5-ступ. верх. в сборе | ЗКГ-00232 Пластина КПП УАЗ-Хантер | ЗКГ-00233 Вал промежуточ. Г-3110,3302 Б+ КПП 5-ступ. (дв.406, Камминс 2,8)"
Кронштейны и крепления кузова,GROUP_REVIEW,279,0.0091,kuzov-i-optika/kronshteyny-i-krepleniya,"А-00056 Кронштейн антенны | А-00370 Скоба д.16 | А-00888 Подлокотник 2110, 2115 (метал. кронштейн) | А-01774 Скоба троса 12 мм | А-01775 Скоба троса 15 мм"
rulevye-nakonechniki,GROUP_REVIEW,261,0.0085,podveska/rulevye-nakonechniki,ЗЧМ-00153 Рулевая колонка Москвич 2140 в сборе | ЗЧМ-00243 Пальцы рулевые в сборе 2141 | ЗЧМ-00304 Рулевая рейка 2141 | ЗЧМ-00322 Ремкомплект рулевых тяг Святогор | ЗЧМ-00498 Усы рулевой рейки 2141 (1 шт)
Стекла,GROUP_REVIEW,255,0.0083,kuzov-i-optika/stekla,"А-00376 Стеклоподъемники 2 двери ВАЗ (электр.) | А-00702 Стеклоподъёмник 3110 (2 двери) | А-01940 Шторка лобового стекла Газель (серая) 140с | А-01985 Накладка зад. стекла 2101-07 | А-02044 Наклейка боков. стекла ""КАМАЗ"""
Зеркала,AUTO_READY,251,0.0082,kuzov-i-optika/zerkala,"А-00916 Зеркала Таврия лев./прав. (за 1 шт) | А-01106 Зеркало видеорегистратор Д-02 | А-01163 Зеркала универсальные ""F1"" 2 шт | А-01365 Зеркала ""F1"" с поворотн. диодн. | А-01385 Зеркало з/в-монитор 5 дюйм"
fonari,GROUP_REVIEW,251,0.0082,kuzov-i-optika/fonari,А-00437 Фонарь-переноска | А-00728 Компрессор с фонарем | А-00777 Фонари задние 2108-099 (тюнинг-2 шт) | А-00951 Фонарь дорожный | А-00993 Фонарик
Автохимия,AUTO_READY,246,0.008,aksessuary/avtohimiya,"ГСМ-00125 KUDO KU-9006 Лак термостойкий, 520 мл | ГСМ-00129 LAVR 1432 Алмазный полироль фар, 20 мл | ГСМ-00202 Ven well Очиститель тормозов-аэрозоль, 500 мл | ГСМ-00217 Герметик ""ABRO"" (медь) | ГСМ-00221 LAVR 1486 Сверхбыстрый полироль кузова,"
Топливная система,GROUP_REVIEW,241,0.0079,dvigatel-i-transmissiya/toplivnaya-sistema,"Б-00013 Бензобак УАЗ 23602 правый погруж. б/н | Б-00062 Бензобак ИЖ-ОДА 2126 | Б-00074 Бензобак Г-3302 борт., ""Фермер"" (дв.4026,4063,40522) мет. 70 л | ДВ-00063 Бензобак 2110 | ДВ-00136 Тяга нижней части карбюратора 2108"
Амортизаторы,AUTO_READY,240,0.0078,podveska/amortizatory,"ЗЧМ-00217 Амортизатор Москвич 2140 перед., задний | ЗЧМ-00290 Болт заднего амортизатора 2141 | ЗЧМ-00434 Сайлент-блок заднего амортизатора 2141 | ЗЧМ-00594 Ремкомплект переднего амортизатора 2141 | И-00578 Ключ амортизатора"
detali-dvigatelya,GROUP_REVIEW,237,0.0077,dvigatel-i-transmissiya/detali-dvigatelya,"А-01416 Автоодеяло для двигателя | А-01625 ""АВТОТЕПЛО"" утеплитель двигателя | ГСМ-00869 Очист сист впрыска диз двигателей ЛМ-191 | ГСМ-00950 LAVR 2502 Антикокс для двигателя 0.185 л | ГСМ-01006 Быстрый запуск для бенз. карб. и инжект. 2Т и 4Т двигателя"
detali-transmissii,AUTO_READY,230,0.0075,dvigatel-i-transmissiya/detali-transmissii,ЗКГ-00024 Блок шестерён УАЗ | ЗКГ-00048 Привод спидометра ГАЗ 3110 | ЗКГ-00133 Коробка ГАЗ-53 | ЗКГ-00174 Привод спидометра Волга 4-ступ. | ЗКГ-00213 Привод НШ-10
prochaya-podveska,GROUP_REVIEW,219,0.0071,podveska/prochaya-podveska,ЗЧМ-00221 Стабилизатор ИЖ-2126 | ЗЧМ-00314 Стабилизатор 2140 | ЗЧМ-00315 Стабилизатор 2141 | ИН-00462 0523-004 Тяга стабилизатора FORD FOCUS | ИН-00555 Тяга стабилизатора 30929461
Бамперы,AUTO_READY,210,0.0068,kuzov-i-optika/bampery,"А-01459 Защита зад. бампера | А-02018 Спойлер под бампер 2101-07 | Б-00003 Бампер Газель задний | Б-00009 Бампер задний в сборе ГАЗ-3110 | Б-00012 Бампер ГАЗ-31029, 3110 перед., в сборе (ст"
Лампы,GROUP_REVIEW,210,0.0068,elektrika/lampy,"ЭО-00204 Лампочки OSRAM ALS жёлтые, 1 шт | ЭО-00344 Лампы-линзы Н4 ""Автосвет"" | ЭО-00420 Лампочки габаритные (голубые) | ЭО-00558 Лампочки ""Narva"" белый свет Н1, Н3, Н4 | ЭО-00667 Лампочки ""OSRAM"" Н7+ 100%, 2 шт"
Генераторы,AUTO_READY,206,0.0067,elektrika/generatory,ДВГ-00065 Натяжитель генератора ПАЗ 3205 | ЗЧМ-00189 Генератор ИЖ-ОДА | ИН-00071 Генератор Ланос | КР-00279 Натяжитель генератора 2108-015 нов. обр. | КР-00420 Натяжитель генератора 2110 в сборе
ressory,GROUP_REVIEW,205,0.0067,podveska/ressory,ЗЧМ-00133 Отбойник рессор 2140 | КГ-00243 Палец рессор Волга 31105 (1 шт) | КГ-00268 Болт серьги рессоры ГАЗ-31105 в сборе с с | КГ-00574 Болт стяжной передней рессоры Бычок | КГ-01094 Шайба пальца рессоры УАЗ D=25 специальная
Стартеры,AUTO_READY,188,0.0061,elektrika/startery,ЗЧМ-00562 Шпильки стартера Москвич | ЗЧМ-00662 Стартер РЕНО | ИН-00008 Стартер Ланос | ИН-00796 Стартер Дэо Матиз | ИН-00950 Стартер Рено-Логан 8 кл.
detali-dvigatelya,MANUAL_REVIEW,186,0.0061,dvigatel-i-transmissiya/detali-dvigatelya,ДВГ-00500 Держатель сальниковой набивки УАЗ | ДВГ-00709 Крышка коленовала УАЗ зад. под сальник | ЗЧМ-00031 Сальник кожуха 2141 | ПС-00109 Комплект сальников кол.вала 2108-09 | ПСГ-00019 Сальник кол. вала зад дв.260 ЕВР 110х135
kpp,AUTO_READY,184,0.006,dvigatel-i-transmissiya/kpp,ЗЧМ-00101 Вилка коробки Москвич 2141 | КП-00025 Шток кулисы 2108 | КП-00033 Вал вторичный 2110 | КП-00064 Втулка опорная втор. вала 2108 | КП-00068 КП-00068
Рычаги,GROUP_REVIEW,180,0.0059,podveska/rychagi,ЗКГ-00267 Рем. комплект рычага КПП Газ (шайба+пруж | ЗЧМ-00215 Рычаг в сборе 2140 верхний | ЗЧМ-00375 Ось верхнего рычага Москвич | ИН-00218 Рычаг нижний Дэу-Матиз | ИН-00571 J49008000 Рычаг DAEWOO MATIZ/SPARK/TICO п
Инструменты,AUTO_READY,179,0.0058,aksessuary/instrumenty,А-01243 Домкрат реечный 3т (154-1070мм) Сервис ключ | И-00089 Головка свечная | И-00090 Головка 36Х41 усиленная | И-00471 Ключ торц. 19 | И-00686 Головка усиленная на 27
Масляные фильтры,AUTO_READY,178,0.0058,filtry-i-masla/maslyanye-filtry,"ГСМ-00301 Фильтр масляный С 160 Чемпион | ГСМ-00926 Фильтр масляный SCT SM 121 | ГСМ-01105 MANN Фильтр масляный Ford транзит | ГСМ-01114 Фильтр ""Невский"" масляный NF-1020 | ДВГ-01097 Фильтр масляный ГАЗ-3309 (дизель) в сбор"
Свечи зажигания,AUTO_READY,175,0.0057,elektrika/svechi-zazhiganiya,"ИН-00050 Свечи Чери-Амулет (к-т 4 шт) | ИН-00058 Свечи ""Бриск"" Ланос (к-т) | ИН-00322 0 242 229 654 Свеча зажигания А4, Opel | ИН-00359 BCPR5EY-11 TP Свеча зажигания | ИН-00417 18854-10080 Свеча зажигания HYUNDAI SOL"
Стекла фар и фонарей,GROUP_REVIEW,174,0.0057,kuzov-i-optika/stekla-far-i-fonarey,А-00922 Часы на стекло | А-01024 Стекло зад. фонаря 2106 | А-01165 Спойлер на заднее стекло не крашеный (все | ДВ-00536 Защита двигателя и раздатки 21214 | Ж-00205 Защита двигателя ГАЗ-3110
instrumenty,GROUP_REVIEW,171,0.0056,aksessuary/instrumenty,"ГСМ-00989 ЭДП Клей шприц большой | И-00047 Сверло от 5 мм | И-00118 Зубило | И-00147 Наконечник шприца 6-ти лепестковый 2-х рычажный, цанговый 51347 | И-00856 Отвертки ""Stayer"" 2 шт"
Воздушные фильтры,AUTO_READY,170,0.0055,filtry-i-masla/vozdushnye-filtry,ГСМ-00453 Фильтр воздушный SB211 W102 | ГСМ-00578 Фильтр воздушный SCT 206 Ауди | ГСМ-00641 Фильтр воздушный SCT 203 Мерседес (Герма | ГСМ-00694 Фильтр воздушный SCT SB 222 Audi | ГСМ-01033 Фильтр воздушный SCT SB 627 Nissan
Патрубки и шланги охлаждения,GROUP_REVIEW,169,0.0055,dvigatel-i-transmissiya/patrubki-i-shlangi-ohlazhdeniya,"ДВГ-00967 Патрубок радиатора Валдай ниж. | ДВГ-02045 Патрубок радиатора УАЗ-3163 (дв.409) Е-2,3 | ДВГ-02101 Шланг маслян. радиатора Г-3302,2705 (дв.УМЗ-4216,4215) подводящ. (105 мм) | ДВГ-02141 Патрубок радиатора средний КАМАЗ Cummins 6ISBe (L86, d48) | ДВГ-02147 Патрубок радиатора ПАЗ Вектор NEXT 320405-04 верх."
Прочая электрика,GROUP_REVIEW,166,0.0054,elektrika/prochaya-elektrika,"А-00041 Импульс 710 октан корректор | А-00161 Компьютер ""Штат"" 2110 (голосовой) | А-00585 Компьютер 2115 (говорящий) | А-00759 Компьютер 2115 | А-01011 Компьютер Шеви-Нива"
Прочие аксессуары,GROUP_REVIEW,162,0.0053,aksessuary/prochie-aksessuary,"А-00075 Рамка номера хром | А-00099 Рамка номера 2 шт | А-00258 Рамка номера хромированная, 2 шт | А-00327 Канистра 20 л | А-00401 Пленка тонирующая с переходом"
Автохимия,GROUP_REVIEW,160,0.0052,aksessuary/avtohimiya,"А-02229 Очиститель рук спрей SG201 | ГСМ-00028 Смазка для замков ЛМ, 0.05 л | ГСМ-00137 Смазка ""МС 1510"" литиевая высокотемперат. 80 г | ГСМ-00147 Агринол Смазка № 158 (синяя), 1,8 кг | ГСМ-00205 АЗМОЛ смазка 800 г"
Обвес и декор,GROUP_REVIEW,159,0.0052,kuzov-i-optika/obves-i-dekor,А-00050 Молдинг резиновый | А-00065 Наклейка молдинг кузова | А-00323 Молдинги 2106 (комплект) | А-00439 Накладка кулисы 2101-07 | А-00494 Накладка сиденья глухая 21213 Нива
toplivnaya-sistema,GROUP_REVIEW,158,0.0051,dvigatel-i-transmissiya/toplivnaya-sistema,"ДВ-00107 Дроссельная подушка 2110 (пустая) | ДВ-00189 Дроссельная подушка ""Шеви-Нива"" | ДВ-00285 Дроссельная подушка 2110 в сборе | ДВ-00406 Дроссельная подушка 16 кл. дв. ВАЗ | ДВ-00660 Дроссельная заслонка ВАЗ-1118,2170,21214"
Замки и ручки,GROUP_REVIEW,157,0.0051,kuzov-i-optika/zamki-i-ruchki,"А-00559 Замок на руль | А-00846 Ручка ручника 2108-015 (кожа) | А-00975 Замок рулевого вала (стандарт) | А-01061 Замок на руль ""Райтон"" | А-01097 Набор педали+ручка КПП (тюнинг)"
Прокладки,GROUP_REVIEW,156,0.0051,dvigatel-i-transmissiya/prokladki,"ГСМ-01373 Термостойкий серый силиконовый формирователь прокладок DD6733 | ДВ-00695 20360 Прокладки рессивера и дроссельной заслонки ВАЗ-2115,2170,2190 | ИН-00170 Набор прокладок двигателя ЛАНОС | ИН-01061 К-т прокладок выпуск.+впуск. коллектора М | ПСГ-00013 Кожекартон для прокладок"
Пружины,AUTO_READY,154,0.005,podveska/pruzhiny,ДВГ-00590 Пружина клапана ГАЗ (дв. 406) | ЗКГ-00012 Пружина кулисы ГАЗ-53 | ЗЧМ-00224 Пружины передние 2141 | ЗЧМ-00332 Подставка под пружины 2141 (2 шт) | ЗЧМ-00573 Пружины задние ИЖ-ОДА 2126
podkrylki-i-bryzgoviki,GROUP_REVIEW,149,0.0049,kuzov-i-optika/podkrylki-i-bryzgoviki,"А-01366 Брызговики LADA-GRANTA пер.,зад.(2 шт) | А-01695 Брызговик-длинномер 240х35 | А-01696 Брызговик из 3-х частей светоотражающий 61 | А-01718 Брызговики задние ЛАДА Веста | А-01858 Брызговики перед. Ларгус-Кросс"
Выхлопная система,AUTO_READY,148,0.0048,dvigatel-i-transmissiya/vyhlopnaya-sistema,А-02121 Насадка глушителя двойная | Г-00015 Приёмная труба 2101 | Г-00077 Труба приемная Маз левая (Н. Новгород) | Г-00084 Труба приемная КАМАЗ Евро левая (Н. Новгор | Г-00148 Труба приемная УАЗ-3151 (дв.514)
ГРМ и ролики,AUTO_READY,148,0.0048,dvigatel-i-transmissiya/remni,ДВ-00428 Набор ГРМ - Приора К015631XS | ДВ-00653 530053610 Ремень ГРМ ролика Приора | ДВГ-00977 Натяжитель ГРМ дв. Крайслер | ДВГ-01239 Набор ГРМ Крайслер | ДВГ-01595 Звездочки ГРМ (дв. 406) к-т Е-3
Масляные фильтры,MANUAL_REVIEW,146,0.0048,filtry-i-masla/maslyanye-filtry,А-01446 Фильтр нулевого сопр.-я (тюнинг) | ДВ-00444 Фильтр бензиновый Нива импорт. | ДВГ-00379 Фильтр-отстойник ЗИЛ | ДВГ-00961 Фильтр грубой очистки УАЗ-Хантер (дв. 42 | ДВГ-01430 Фильтр дополнительный Газель Каминс дв.
supporty,GROUP_REVIEW,136,0.0044,tormoznaya-sistema/supporty,ЗЧМ-00207 Суппорт 2140 | ЗЧМ-00669 Рем. набор пер. торм. суппорта АЗЛК-2141 | ИН-01270 584001R300 Суппорт зад. прав. HYUNDAI | ИН-01586 Рем. к-т направляющих суппорта KIA RIO Masterkit 77А1125 | ИН-01668 77А1174 Рем. к-т суппорта заднего 38 мм
stupicy,GROUP_REVIEW,134,0.0044,podveska/stupicy,ЗЧМ-00531 Набор ступицы 2141 | ИН-00276 Гайка ступицы колеса Шевроле 94515177 | КГ-01124 Винт крепления подшип. пер. ступицы Г-330 | ОК-00282 Кольцо грязезащитное ступицы ОКА | ОК-00285 Кольцо грязезащитное задней ступицы ОКА
Стеклоочистители,AUTO_READY,124,0.004,aksessuary/prochie-aksessuary,"А-00052 Дворники BOSCH 65 1 шт | А-00347 Щетка стеклоочистителя ЗИЛ-5301,4331 35.5 | А-00348 Щетка стеклоочистителя КАМАЗ 4310 сл108- | А-00412 Дворники 2101-07 № 19 (Франция) | А-00482 Дворники ""Бош"" б/каркасные 51,53,55 см"
Шаровые опоры,AUTO_READY,122,0.004,podveska/sharovye-opory,"ЗЧМ-00120 Шаровая 2141 | ЗЧМ-00405 Шаровые 2141 | ЗЧМ-00501 Шаровая 2141 (Германия), 1 шт | ЗЧМ-00558 Пыльник шаровой 2141 (силикон) | ХС-00057 Шаровая Веста (левая)"
stoyki,GROUP_REVIEW,122,0.004,podveska/stoyki,"А-01351 Накладки центр. стойки 2109, 2 шт (нижняя часть) | ЖЛ-00150 Стойка ср. 2106 | ЗЧМ-00211 Катридж передней стойки 2141 | ЗЧМ-00568 Картридж передней стойки ИЖ-ОДА (за 1 шт | ЗЧМ-00625 Ремкомплект передней стойки 2141"
chehly,GROUP_REVIEW,118,0.0038,aksessuary/chehly,"А-00044 Чехол для CD дисков | А-00049 Чехол КПП Газель (кож. зам.) | А-00202 Чехлы Газель 3 места | А-00207 Чехлы ВОЛГА 3110 | А-00333 Чехлы ""Ларгус"" 2 места"
КПП,GROUP_REVIEW,114,0.0037,dvigatel-i-transmissiya/kpp,ЗКГ-00047 Кулиса КПП Газель ниж. ЗМЗ | ЗКГ-00052 Кулиса Волга | ЗКГ-00058 Кулиса коробки ЗИЛ-130 | ЗКГ-00092 Вилка КПП УАЗ-452 (нов. обр.) 3 шт | ЗКГ-00289 Кулиса крышка р/короб. УАЗ н. обр.
fary,GROUP_REVIEW,112,0.0036,kuzov-i-optika/fary,"А-00755 Противотуманки ""DLAA"" (круглые) | А-00964 Противотуманки ""Калина"" (со вставками) | А-00966 Противотуманки № 2318 | А-01888 Противотуманки диодные Рено-Логан | ИН-00199 Противотуманки Дэу-Нексиа ст.обр. (к-т, 2"
rele,GROUP_REVIEW,107,0.0035,elektrika/rele,ИН-01322 реле регулятора | ИН-01382 AMD.EL365 Реле-регулятор 3-х конт. Daewo | Р-00048 Реле поворотов 24В | ЭО-00138 Сигналы двойные с реле | ЭО-00348 Реле поворота звуковое 2101-07
Замки и ручки,AUTO_READY,106,0.0035,kuzov-i-optika/zamki-i-ruchki,"А-00381 Ручка двери (крючок) | ЗЧМ-00014 Ручка стеклоподъёмника Москвич | КР-00055 Ручка стеклоподъёмника 2101-06 | РДГ-00064 Ручка двери УАЗ-Патриот внутр. прав. чер | РДГ-00066 Замок багажника Г-3110, 31105 внутр. мех"
kompressory,GROUP_REVIEW,105,0.0034,aksessuary/kompressory,"А-00138 Компрессор малый (Дания) | А-00301 ""Агрессор"" AGR-35 L Компрессор с LEDфонарём 35л/мин | А-00630 Компрессор АС581 (в кейсе) | А-00665 Компрессор (Дания) | А-00815 Компрессор ""Торнадо"""
Пружины,GROUP_REVIEW,101,0.0033,podveska/pruzhiny,ЗЧМ-00333 Подкладки пружин Москвич 2140 | ЗЧМ-00481 Чашки зад. пружин 2141 | КГ-00211 Пружина тормозная ЗИЛ (за 1 шт) | КЗ-00632 Крышка консоли ГАЗ-3110 с пружиной | СЦ-00015 Пружинка вилки сцепления 2101-07
povtoriteli,AUTO_READY,95,0.0031,kuzov-i-optika/povtoriteli,"А-00505 Зеркала с поворотником | А-00905 Звуковой повторитель (универсальный) | ИН-00992 Повторитель в крыло лев. 632563 | О-00276 Указатель поворотника УАЗ-3160 лев., прав. | О-00282 Повторитель 2110"
Топливные фильтры,AUTO_READY,93,0.003,filtry-i-masla/toplivnye-filtry,"ДВ-00725 LF-249М Фильтр топливный погружной Ларгус | ДВГ-00472 Фильтр топливный SCT 315 Волга | ДВГ-00753 Фильтр топливный в сборе Р1-270 | ДВГ-00943 Фильтр топливный Дизель | ДВГ-01152 Фильтр топливный Г-3302 (дв. Камминс 2,8) элемент. тонк. очистки"
zamki-i-ruchki,AUTO_READY,91,0.003,kuzov-i-optika/zamki-i-ruchki,"А-00111 Ручки дверные 2109-2115 (тюнинг), 4 шт | А-00632 Крышка бака с ключом 2104 (имп.) | ЗЧМ-00262 Крышка бака Москвич 2140 | КЗ-00346 Крышка бака УАЗ-452 (2 шт) | КР-00108 Ручки дверные в сборе 2106"
